timestamp_utc,top_state,top_prob,prob_declining,prob_range,prob_rising
2026-10-01T00:27:25+00:00,Range,0.9968,0.0016,0.9968,0.0015
2026-10-01T06:23:34+00:00,Range,0.9979,0.0018,0.9979,0.0002
2026-10-01T13:46:52+00:00,Range,0.9974,0.0019,0.9974,0.0007
2026-10-01T19:05:33+00:00,Range,0.9957,0.0039,0.9957,0.0004
2026-10-01T23:13:35+00:00,Range,0.9962,0.0034,0.9962,0.0004
2026-10-02T02:18:42+00:00,Range,0.9961,0.003,0.9961,0.0009
2026-10-02T08:50:51+00:00,Range,0.9976,0.0015,0.9976,0.0009
2026-10-02T15:25:20+00:00,Range,0.9973,0.0017,0.9973,0.0011
2026-10-02T20:06:33+00:00,Range,0.9973,0.0016,0.9973,0.0011
2026-10-02T23:48:11+00:00,Range,0.9973,0.0017,0.9973,0.0011
2026-10-05T04:10:33+00:00,Range,0.9973,0.0018,0.9973,0.0009
2026-10-05T11:30:01+00:00,Rising,0.9732,0.0024,0.0243,0.9732
2026-10-05T19:55:25+00:00,Rising,0.9846,0.0021,0.0133,0.9846
2026-10-06T01:00:14+00:00,Rising,0.9849,0.0022,0.0129,0.9849
2026-10-06T07:26:48+00:00,Rising,0.9997,0.0002,0.0001,0.9997
2026-10-06T14:24:27+00:00,Rising,0.9996,0.0002,0.0002,0.9996
2026-10-06T19:43:41+00:00,Rising,0.999,0.0002,0.0007,0.999
2026-10-06T23:19:50+00:00,Rising,0.9994,0.0002,0.0004,0.9994
2026-10-07T02:37:07+00:00,Rising,0.9997,0.0002,0.0001,0.9997
2026-10-07T09:19:11+00:00,Rising,0.9983,0.0004,0.0013,0.9983
2026-10-07T16:48:09+00:00,Rising,0.9959,0.0008,0.0032,0.9959
2026-10-07T21:48:05+00:00,Rising,0.9963,0.0008,0.003,0.9963
